<?xml version="1.0" encoding="UTF-8" standalone="no"?>
<feature id="org.wso2.ballerina.mediators.samplemediator" label="WSO2 Ballerina - Sample Mediator Feature" provider-name="%providerName" version="1.0.0.SNAPSHOT">
  <description>This feature contains the bundles required for Sample Mediator</description>
  <copyright>%copyright</copyright>
  <license url="%licenseURL">%license</license>
  <plugin id="org.wso2.ballerina.mediators.samplemediator" unpack="false" version="1.0.0.SNAPSHOT"/>
  <require/>
</feature>
