<?xml version="1.0" encoding="UTF-8" standalone="no"?>
<feature id="org.wso2.ballerina.converters.jsontoxml" label="WSO2 Ballerina - JSON to XML Converter Feature" provider-name="%providerName" version="1.0.0.SNAPSHOT">
  <description>WSO2 is an open source application development software company focused on providing service-oriented
        architecture solutions for professional developers.</description>
  <copyright>%copyright</copyright>
  <license url="%licenseURL">%license</license>
  <plugin id="staxon-core" unpack="false" version="1.2.0.wso2v2"/>
  <plugin id="org.wso2.ballerina.converters.jsontoxml" unpack="false" version="1.0.0.SNAPSHOT"/>
  <require/>
</feature>
