<?xml version='1.0' encoding='UTF-8'?>
<?artifactRepository version='1.1.0'?>
<repository name='Bundle pool' type='org.eclipse.equinox.p2.artifact.repository.simpleRepository' version='1.0.0'>
  <properties size='2'>
    <property name='p2.system' value='true'/>
    <property name='p2.timestamp' value='1479479316376'/>
  </properties>
  <mappings size='3'>
    <rule filter='(&amp; (classifier=osgi.bundle))' output='${repoUrl}/plugins/${id}_${version}.jar'/>
    <rule filter='(&amp; (classifier=binary))' output='${repoUrl}/binary/${id}_${version}'/>
    <rule filter='(&amp; (classifier=org.eclipse.update.feature))' output='${repoUrl}/features/${id}_${version}.jar'/>
  </mappings>
  <artifacts size='81'>
    <artifact classifier='osgi.bundle' id='io.netty.codec-http' version='4.0.30.Final'>
      <properties size='1'>
        <property name='download.size' value='439893'/>
      </properties>
    </artifact>
    <artifact classifier='org.eclipse.update.feature' id='org.wso2.ballerina.evaluators.xpathevaluator' version='1.0.0.SNAPSHOT'>
      <properties size='1'>
        <property name='download.size' value='11238'/>
      </properties>
      <repositoryProperties size='1'>
        <property name='artifact.folder' value='true'/>
      </repositoryProperties>
    </artifact>
    <artifact classifier='osgi.bundle' id='org.wso2.carbon.core' version='5.1.0'>
      <properties size='1'>
        <property name='download.size' value='110525'/>
      </properties>
    </artifact>
    <artifact classifier='org.eclipse.update.feature' id='org.wso2.ballerina.mediators.jsontoxmltestmediator' version='1.0.0.SNAPSHOT'>
      <properties size='1'>
        <property name='download.size' value='11215'/>
      </properties>
      <repositoryProperties size='1'>
        <property name='artifact.folder' value='true'/>
      </repositoryProperties>
    </artifact>
    <artifact classifier='osgi.bundle' id='org.eclipse.equinox.simpleconfigurator.manipulator' version='2.0.0.v20131217-1203'>
      <properties size='1'>
        <property name='download.size' value='25460'/>
      </properties>
    </artifact>
    <artifact classifier='osgi.bundle' id='org.wso2.carbon.messaging' version='1.0.10'>
      <properties size='1'>
        <property name='download.size' value='33486'/>
      </properties>
    </artifact>
    <artifact classifier='osgi.bundle' id='io.netty.codec' version='4.0.30.Final'>
      <properties size='1'>
        <property name='download.size' value='145296'/>
      </properties>
    </artifact>
    <artifact classifier='osgi.bundle' id='org.apache.geronimo.specs.geronimo-stax-api_1.0_spec' version='1.0.1'>
      <properties size='1'>
        <property name='download.size' value='28804'/>
      </properties>
    </artifact>
    <artifact classifier='osgi.bundle' id='org.wso2.ballerina.core' version='1.0.0.SNAPSHOT'>
      <properties size='1'>
        <property name='download.size' value='361783'/>
      </properties>
    </artifact>
    <artifact classifier='org.eclipse.update.feature' id='org.wso2.ballerina.message.readers.jsonreader' version='1.0.0.SNAPSHOT'>
      <properties size='1'>
        <property name='download.size' value='11483'/>
      </properties>
      <repositoryProperties size='1'>
        <property name='artifact.folder' value='true'/>
      </repositoryProperties>
    </artifact>
    <artifact classifier='org.eclipse.update.feature' id='org.wso2.ballerina.mediators.samplemediator' version='1.0.0.SNAPSHOT'>
      <properties size='1'>
        <property name='download.size' value='11098'/>
      </properties>
      <repositoryProperties size='1'>
        <property name='artifact.folder' value='true'/>
      </repositoryProperties>
    </artifact>
    <artifact classifier='osgi.bundle' id='org.eclipse.osgi.services' version='3.4.0.v20140312-2051'>
      <properties size='1'>
        <property name='download.size' value='90380'/>
      </properties>
    </artifact>
    <artifact classifier='osgi.bundle' id='org.ops4j.pax.logging.pax-logging-log4j2' version='1.8.5'>
      <properties size='1'>
        <property name='download.size' value='1290657'/>
      </properties>
    </artifact>
    <artifact classifier='osgi.bundle' id='org.apache.felix.gogo.command' version='0.10.0.v201209301215'>
      <properties size='1'>
        <property name='download.size' value='57646'/>
      </properties>
    </artifact>
    <artifact classifier='osgi.bundle' id='staxon-core' version='1.2.0.wso2v2'>
      <properties size='1'>
        <property name='download.size' value='170008'/>
      </properties>
    </artifact>
    <artifact classifier='osgi.bundle' id='org.eclipse.equinox.simpleconfigurator' version='1.1.0.v20131217-1203'>
      <properties size='1'>
        <property name='download.size' value='43207'/>
      </properties>
    </artifact>
    <artifact classifier='osgi.bundle' id='commons-pool' version='1.5.6.wso2v1'>
      <properties size='1'>
        <property name='download.size' value='95794'/>
      </properties>
    </artifact>
    <artifact classifier='org.eclipse.update.feature' id='org.wso2.ballerina.outbounds.http' version='1.0.0.SNAPSHOT'>
      <properties size='1'>
        <property name='download.size' value='11099'/>
      </properties>
      <repositoryProperties size='1'>
        <property name='artifact.folder' value='true'/>
      </repositoryProperties>
    </artifact>
    <artifact classifier='org.eclipse.update.feature' id='org.wso2.ballerina.core' version='1.0.0.SNAPSHOT'>
      <properties size='1'>
        <property name='download.size' value='11179'/>
      </properties>
      <repositoryProperties size='1'>
        <property name='artifact.folder' value='true'/>
      </repositoryProperties>
    </artifact>
    <artifact classifier='osgi.bundle' id='org.eclipse.equinox.console' version='1.1.0.v20140131-1639'>
      <properties size='1'>
        <property name='download.size' value='118444'/>
      </properties>
    </artifact>
    <artifact classifier='osgi.bundle' id='rxjava' version='1.2.0.wso2v1'>
      <properties size='1'>
        <property name='download.size' value='1145158'/>
      </properties>
    </artifact>
    <artifact classifier='osgi.bundle' id='org.eclipse.equinox.frameworkadmin' version='2.0.100.v20131209-2144'>
      <properties size='1'>
        <property name='download.size' value='36337'/>
      </properties>
    </artifact>
    <artifact classifier='osgi.bundle' id='io.netty.handler' version='4.0.30.Final'>
      <properties size='1'>
        <property name='download.size' value='249256'/>
      </properties>
    </artifact>
    <artifact classifier='org.eclipse.update.feature' id='org.wso2.ballerina.evaluators.jsonpathevaluator' version='1.0.0.SNAPSHOT'>
      <properties size='1'>
        <property name='download.size' value='11400'/>
      </properties>
      <repositoryProperties size='1'>
        <property name='artifact.folder' value='true'/>
      </repositoryProperties>
    </artifact>
    <artifact classifier='osgi.bundle' id='jackson-databind' version='2.6.1.wso2v1'>
      <properties size='1'>
        <property name='download.size' value='1165408'/>
      </properties>
    </artifact>
    <artifact classifier='osgi.bundle' id='slf4j.api' version='1.7.5'>
      <properties size='1'>
        <property name='download.size' value='26084'/>
      </properties>
    </artifact>
    <artifact classifier='osgi.bundle' id='org.eclipse.equinox.launcher' version='1.3.0.v20140415-2008'>
      <properties size='1'>
        <property name='download.size' value='50038'/>
      </properties>
    </artifact>
    <artifact classifier='osgi.bundle' id='org.wso2.ballerina.outbounds.http' version='1.0.0.SNAPSHOT'>
      <properties size='1'>
        <property name='download.size' value='15429'/>
      </properties>
    </artifact>
    <artifact classifier='osgi.bundle' id='org.wso2.ballerina.evaluators.jsonpathevaluator' version='1.0.0.SNAPSHOT'>
      <properties size='1'>
        <property name='download.size' value='13113'/>
      </properties>
    </artifact>
    <artifact classifier='osgi.bundle' id='org.wso2.ballerina.converters.xmltojson' version='1.0.0.SNAPSHOT'>
      <properties size='1'>
        <property name='download.size' value='13383'/>
      </properties>
    </artifact>
    <artifact classifier='osgi.bundle' id='org.eclipse.equinox.cm' version='1.1.0.v20131021-1936'>
      <properties size='1'>
        <property name='download.size' value='72739'/>
      </properties>
    </artifact>
    <artifact classifier='osgi.bundle' id='io.netty.common' version='4.0.30.Final'>
      <properties size='1'>
        <property name='download.size' value='437048'/>
      </properties>
    </artifact>
    <artifact classifier='osgi.bundle' id='net.minidev.json-smart' version='2.2.0'>
      <properties size='1'>
        <property name='download.size' value='197660'/>
      </properties>
    </artifact>
    <artifact classifier='osgi.bundle' id='antlr4-runtime' version='4.5.1.wso2v1'>
      <properties size='1'>
        <property name='download.size' value='306094'/>
      </properties>
    </artifact>
    <artifact classifier='osgi.bundle' id='org.wso2.carbon.deployment.engine' version='5.0.0'>
      <properties size='1'>
        <property name='download.size' value='42499'/>
      </properties>
    </artifact>
    <artifact classifier='org.eclipse.update.feature' id='org.wso2.ballerina.mediators.xmltojsontestmediator' version='1.0.0.SNAPSHOT'>
      <properties size='1'>
        <property name='download.size' value='11210'/>
      </properties>
      <repositoryProperties size='1'>
        <property name='artifact.folder' value='true'/>
      </repositoryProperties>
    </artifact>
    <artifact classifier='osgi.bundle' id='snakeyaml' version='1.16.0.wso2v1'>
      <properties size='1'>
        <property name='download.size' value='267248'/>
      </properties>
    </artifact>
    <artifact classifier='osgi.bundle' id='org.wso2.ballerina.message.readers.xmlreader' version='1.0.0.SNAPSHOT'>
      <properties size='1'>
        <property name='download.size' value='24972'/>
      </properties>
    </artifact>
    <artifact classifier='osgi.bundle' id='org.wso2.ballerina.mediators.samplemediator' version='1.0.0.SNAPSHOT'>
      <properties size='1'>
        <property name='download.size' value='13563'/>
      </properties>
    </artifact>
    <artifact classifier='osgi.bundle' id='org.eclipse.equinox.ds' version='1.4.200.v20131126-2331'>
      <properties size='1'>
        <property name='download.size' value='194460'/>
      </properties>
    </artifact>
    <artifact classifier='osgi.bundle' id='org.apache.ws.commons.axiom.axiom-dom' version='1.2.11.wso2v10'>
      <properties size='1'>
        <property name='download.size' value='163948'/>
      </properties>
    </artifact>
    <artifact classifier='osgi.bundle' id='org.eclipse.equinox.concurrent' version='1.1.0.v20130327-1442'>
      <properties size='1'>
        <property name='download.size' value='25385'/>
      </properties>
    </artifact>
    <artifact classifier='org.eclipse.update.feature' id='org.wso2.ballerina.converters.jsontoxml' version='1.0.0.SNAPSHOT'>
      <properties size='1'>
        <property name='download.size' value='11278'/>
      </properties>
      <repositoryProperties size='1'>
        <property name='artifact.folder' value='true'/>
      </repositoryProperties>
    </artifact>
    <artifact classifier='osgi.bundle' id='org.eclipse.osgi' version='3.10.2.v20150203-1939'>
      <properties size='1'>
        <property name='download.size' value='1263501'/>
      </properties>
    </artifact>
    <artifact classifier='osgi.bundle' id='io.netty.buffer' version='4.0.30.Final'>
      <properties size='1'>
        <property name='download.size' value='189595'/>
      </properties>
    </artifact>
    <artifact classifier='osgi.bundle' id='slf4j.log4j12' version='1.7.5'>
      <properties size='1'>
        <property name='download.size' value='8869'/>
      </properties>
    </artifact>
    <artifact classifier='osgi.bundle' id='org.wso2.ballerina.mediators.xmltojsontestmediator' version='1.0.0.SNAPSHOT'>
      <properties size='1'>
        <property name='download.size' value='12910'/>
      </properties>
    </artifact>
    <artifact classifier='osgi.bundle' id='org.apache.felix.gogo.runtime' version='0.10.0.v201209301036'>
      <properties size='1'>
        <property name='download.size' value='80249'/>
      </properties>
    </artifact>
    <artifact classifier='osgi.bundle' id='org.wso2.carbon.base' version='5.1.0'>
      <properties size='1'>
        <property name='download.size' value='15236'/>
      </properties>
    </artifact>
    <artifact classifier='osgi.bundle' id='jaxen' version='1.1.6'>
      <properties size='1'>
        <property name='download.size' value='231882'/>
      </properties>
    </artifact>
    <artifact classifier='osgi.bundle' id='io.netty.transport' version='4.0.30.Final'>
      <properties size='1'>
        <property name='download.size' value='343331'/>
      </properties>
    </artifact>
    <artifact classifier='osgi.bundle' id='org.apache.ws.commons.axiom.axiom-api' version='1.2.11.wso2v10'>
      <properties size='1'>
        <property name='download.size' value='443800'/>
      </properties>
    </artifact>
    <artifact classifier='osgi.bundle' id='org.wso2.ballerina.mediators.headermediator' version='1.0.0.SNAPSHOT'>
      <properties size='1'>
        <property name='download.size' value='17563'/>
      </properties>
    </artifact>
    <artifact classifier='org.eclipse.update.feature' id='org.wso2.ballerina.converters.xmltojson' version='1.0.0.SNAPSHOT'>
      <properties size='1'>
        <property name='download.size' value='11278'/>
      </properties>
      <repositoryProperties size='1'>
        <property name='artifact.folder' value='true'/>
      </repositoryProperties>
    </artifact>
    <artifact classifier='osgi.bundle' id='org.wso2.ballerina.evaluators.xpathevaluator' version='1.0.0.SNAPSHOT'>
      <properties size='1'>
        <property name='download.size' value='13514'/>
      </properties>
    </artifact>
    <artifact classifier='org.eclipse.update.feature' id='org.wso2.ballerina.inbounds.http' version='1.0.0.SNAPSHOT'>
      <properties size='1'>
        <property name='download.size' value='11100'/>
      </properties>
      <repositoryProperties size='1'>
        <property name='artifact.folder' value='true'/>
      </repositoryProperties>
    </artifact>
    <artifact classifier='org.eclipse.update.feature' id='org.wso2.carbon.runtime' version='5.1.0'>
      <properties size='1'>
        <property name='download.size' value='10323'/>
      </properties>
      <repositoryProperties size='1'>
        <property name='artifact.folder' value='true'/>
      </repositoryProperties>
    </artifact>
    <artifact classifier='osgi.bundle' id='org.wso2.ballerina.converters.jsontoxml' version='1.0.0.SNAPSHOT'>
      <properties size='1'>
        <property name='download.size' value='14458'/>
      </properties>
    </artifact>
    <artifact classifier='osgi.bundle' id='org.apache.ws.commons.axiom.axiom-impl' version='1.2.11.wso2v10'>
      <properties size='1'>
        <property name='download.size' value='125926'/>
      </properties>
    </artifact>
    <artifact classifier='osgi.bundle' id='org.wso2.carbon.transport.http.netty' version='2.1.16'>
      <properties size='1'>
        <property name='download.size' value='98466'/>
      </properties>
    </artifact>
    <artifact classifier='osgi.bundle' id='org.apache.commons.io' version='2.0.0'>
      <properties size='1'>
        <property name='download.size' value='159235'/>
      </properties>
    </artifact>
    <artifact classifier='osgi.bundle' id='org.eclipse.equinox.frameworkadmin.equinox' version='1.0.500.v20131211-1531'>
      <properties size='1'>
        <property name='download.size' value='63501'/>
      </properties>
    </artifact>
    <artifact classifier='org.eclipse.update.feature' id='org.wso2.ballerina.message.readers.xmlreader' version='1.0.0.SNAPSHOT'>
      <properties size='1'>
        <property name='download.size' value='11218'/>
      </properties>
      <repositoryProperties size='1'>
        <property name='artifact.folder' value='true'/>
      </repositoryProperties>
    </artifact>
    <artifact classifier='osgi.bundle' id='org.apache.felix.gogo.shell' version='0.10.0.v201212101605'>
      <properties size='1'>
        <property name='download.size' value='60827'/>
      </properties>
    </artifact>
    <artifact classifier='osgi.bundle' id='org.eclipse.equinox.common' version='3.6.200.v20130402-1505'>
      <properties size='1'>
        <property name='download.size' value='106521'/>
      </properties>
    </artifact>
    <artifact classifier='osgi.bundle' id='org.ops4j.pax.logging.pax-logging-api' version='1.8.5'>
      <properties size='1'>
        <property name='download.size' value='253771'/>
      </properties>
    </artifact>
    <artifact classifier='osgi.bundle' id='Saxon-HE' version='9.7.0.wso2v1'>
      <properties size='1'>
        <property name='download.size' value='3769743'/>
      </properties>
    </artifact>
    <artifact classifier='org.eclipse.update.feature' id='org.wso2.carbon.kernel' version='5.1.0'>
      <properties size='1'>
        <property name='download.size' value='514252'/>
      </properties>
      <repositoryProperties size='1'>
        <property name='artifact.folder' value='true'/>
      </repositoryProperties>
    </artifact>
    <artifact classifier='org.eclipse.update.feature' id='org.wso2.carbon.messaging' version='1.0.10'>
      <properties size='1'>
        <property name='download.size' value='10333'/>
      </properties>
      <repositoryProperties size='1'>
        <property name='artifact.folder' value='true'/>
      </repositoryProperties>
    </artifact>
    <artifact classifier='osgi.bundle' id='org.apache.geronimo.specs.geronimo-javamail_1.4_spec' version='1.6.0'>
      <properties size='1'>
        <property name='download.size' value='204953'/>
      </properties>
    </artifact>
    <artifact classifier='osgi.bundle' id='org.wso2.ballerina.inbounds.http' version='1.0.0.SNAPSHOT'>
      <properties size='1'>
        <property name='download.size' value='20950'/>
      </properties>
    </artifact>
    <artifact classifier='osgi.bundle' id='org.eclipse.equinox.preferences' version='3.5.200.v20140224-1527'>
      <properties size='1'>
        <property name='download.size' value='126927'/>
      </properties>
    </artifact>
    <artifact classifier='osgi.bundle' id='org.eclipse.equinox.launcher.gtk.linux.x86' version='1.1.200.v20150204-1316'>
      <properties size='1'>
        <property name='download.size' value='76798'/>
      </properties>
      <repositoryProperties size='1'>
        <property name='artifact.folder' value='true'/>
      </repositoryProperties>
    </artifact>
    <artifact classifier='osgi.bundle' id='org.eclipse.equinox.util' version='1.0.500.v20130404-1337'>
      <properties size='1'>
        <property name='download.size' value='77626'/>
      </properties>
    </artifact>
    <artifact classifier='osgi.bundle' id='org.wso2.ballerina.message.readers.jsonreader' version='1.0.0.SNAPSHOT'>
      <properties size='1'>
        <property name='download.size' value='17589'/>
      </properties>
    </artifact>
    <artifact classifier='osgi.bundle' id='disruptor' version='3.3.2.wso2v2'>
      <properties size='1'>
        <property name='download.size' value='83066'/>
      </properties>
    </artifact>
    <artifact classifier='org.eclipse.update.feature' id='org.wso2.ballerina.mediators.headermediator' version='1.0.0.SNAPSHOT'>
      <properties size='1'>
        <property name='download.size' value='11159'/>
      </properties>
      <repositoryProperties size='1'>
        <property name='artifact.folder' value='true'/>
      </repositoryProperties>
    </artifact>
    <artifact classifier='org.eclipse.update.feature' id='org.wso2.carbon.transport.http.netty' version='2.1.16'>
      <properties size='1'>
        <property name='download.size' value='11727'/>
      </properties>
      <repositoryProperties size='1'>
        <property name='artifact.folder' value='true'/>
      </repositoryProperties>
    </artifact>
    <artifact classifier='osgi.bundle' id='org.eclipse.osgi.compatibility.state' version='1.0.1.v20140709-1414'>
      <properties size='1'>
        <property name='download.size' value='241933'/>
      </properties>
    </artifact>
    <artifact classifier='osgi.bundle' id='com.jayway.jsonpath.json-path' version='2.1.0'>
      <properties size='1'>
        <property name='download.size' value='189658'/>
      </properties>
    </artifact>
    <artifact classifier='osgi.bundle' id='org.wso2.ballerina.mediators.jsontoxmltestmediator' version='1.0.0.SNAPSHOT'>
      <properties size='1'>
        <property name='download.size' value='12911'/>
      </properties>
    </artifact>
  </artifacts>
</repository>
