<?xml version="1.0" encoding="UTF-8"?>
<config date="1479479316767" transient="false">
	<site updateable="true" url="platform:/base/" enabled="true" policy="USER-EXCLUDE">
		<feature id="org.wso2.carbon.runtime" version="5.1.0" url="features/org.wso2.carbon.runtime_5.1.0/">
		</feature>
		<feature id="org.wso2.ballerina.mediators.jsontoxmltestmediator" version="1.0.0.SNAPSHOT" url="features/org.wso2.ballerina.mediators.jsontoxmltestmediator_1.0.0.SNAPSHOT/">
		</feature>
		<feature id="org.wso2.ballerina.outbounds.http" version="1.0.0.SNAPSHOT" url="features/org.wso2.ballerina.outbounds.http_1.0.0.SNAPSHOT/">
		</feature>
		<feature id="org.wso2.ballerina.mediators.headermediator" version="1.0.0.SNAPSHOT" url="features/org.wso2.ballerina.mediators.headermediator_1.0.0.SNAPSHOT/">
		</feature>
		<feature id="org.wso2.carbon.kernel" version="5.1.0" url="features/org.wso2.carbon.kernel_5.1.0/">
		</feature>
		<feature id="org.wso2.carbon.messaging" version="1.0.10" url="features/org.wso2.carbon.messaging_1.0.10/">
		</feature>
		<feature id="org.wso2.ballerina.evaluators.jsonpathevaluator" version="1.0.0.SNAPSHOT" url="features/org.wso2.ballerina.evaluators.jsonpathevaluator_1.0.0.SNAPSHOT/">
		</feature>
		<feature id="org.wso2.ballerina.message.readers.jsonreader" version="1.0.0.SNAPSHOT" url="features/org.wso2.ballerina.message.readers.jsonreader_1.0.0.SNAPSHOT/">
		</feature>
		<feature id="org.wso2.ballerina.converters.jsontoxml" version="1.0.0.SNAPSHOT" url="features/org.wso2.ballerina.converters.jsontoxml_1.0.0.SNAPSHOT/">
		</feature>
		<feature id="org.wso2.ballerina.message.readers.xmlreader" version="1.0.0.SNAPSHOT" url="features/org.wso2.ballerina.message.readers.xmlreader_1.0.0.SNAPSHOT/">
		</feature>
		<feature id="org.wso2.ballerina.core" version="1.0.0.SNAPSHOT" url="features/org.wso2.ballerina.core_1.0.0.SNAPSHOT/">
		</feature>
		<feature id="org.wso2.ballerina.mediators.xmltojsontestmediator" version="1.0.0.SNAPSHOT" url="features/org.wso2.ballerina.mediators.xmltojsontestmediator_1.0.0.SNAPSHOT/">
		</feature>
		<feature id="org.wso2.ballerina.converters.xmltojson" version="1.0.0.SNAPSHOT" url="features/org.wso2.ballerina.converters.xmltojson_1.0.0.SNAPSHOT/">
		</feature>
		<feature id="org.wso2.ballerina.evaluators.xpathevaluator" version="1.0.0.SNAPSHOT" url="features/org.wso2.ballerina.evaluators.xpathevaluator_1.0.0.SNAPSHOT/">
		</feature>
		<feature id="org.wso2.ballerina.inbounds.http" version="1.0.0.SNAPSHOT" url="features/org.wso2.ballerina.inbounds.http_1.0.0.SNAPSHOT/">
		</feature>
		<feature id="org.wso2.ballerina.mediators.samplemediator" version="1.0.0.SNAPSHOT" url="features/org.wso2.ballerina.mediators.samplemediator_1.0.0.SNAPSHOT/">
		</feature>
		<feature id="org.wso2.carbon.transport.http.netty" version="2.1.16" url="features/org.wso2.carbon.transport.http.netty_2.1.16/">
		</feature>
	</site>
</config>
