<?xml version="1.0" encoding="UTF-8" standalone="no"?>
<feature id="org.wso2.ballerina.message.readers.jsonreader" label="WSO2 Ballerina - JSON Reader Feature" provider-name="%providerName" version="1.0.0.SNAPSHOT">
  <description>This feature contains the core bundles required by the JSON Reader</description>
  <copyright>%copyright</copyright>
  <license url="%licenseURL">%license</license>
  <plugin id="org.wso2.ballerina.message.readers.jsonreader" unpack="false" version="1.0.0.SNAPSHOT"/>
  <plugin id="jackson-databind" unpack="false" version="2.6.1.wso2v1"/>
  <plugin id="net.minidev.json-smart" unpack="false" version="2.2"/>
  <plugin id="org.apache.commons.io" unpack="false" version="2.0"/>
  <plugin id="com.jayway.jsonpath.json-path" unpack="false" version="2.1.0"/>
  <require/>
</feature>
